epoch,time,train/box_loss,train/seg_loss,train/cls_loss,train/dfl_loss,metrics/precision(B),metrics/recall(B),metrics/mAP50(B),metrics/mAP50-95(B),metrics/precision(M),metrics/recall(M),metrics/mAP50(M),metrics/mAP50-95(M),val/box_loss,val/seg_loss,val/cls_loss,val/dfl_loss,lr/pg0,lr/pg1,lr/pg2
1,22.8794,3.13066,4.99347,3.38718,2.20212,0.02,0.12766,0.01213,0.00578,0.01,0.06383,0.00538,0.00071,2.20443,4.40112,3.35989,1.72322,2e-05,2e-05,2e-05
2,40.1173,3.02606,5.24545,3.37639,2.06573,0.09333,0.59574,0.17419,0.08825,0.08,0.51064,0.15616,0.03793,2.03636,3.62968,2.38315,1.66791,5.9703e-05,5.9703e-05,5.9703e-05
3,60.3214,3.00045,3.97652,2.73099,2.07484,0.09667,0.61702,0.17307,0.08278,0.07333,0.46809,0.14071,0.04096,2.04811,3.60111,2.36565,1.66039,9.901e-05,9.901e-05,9.901e-05
4,77.087,2.87242,3.73542,2.5216,1.88352,0.23441,0.48936,0.2694,0.10832,0.08343,0.23404,0.05142,0.02062,2.23742,3.09118,5.20899,1.61612,0.000137921,0.000137921,0.000137921
5,97.4226,2.64382,3.10761,3.9251,1.73154,0.27167,0.40426,0.20799,0.06173,0.04,0.25532,0.03268,0.00977,2.52552,2.7263,2.37778,1.7427,0.000176436,0.000176436,0.000176436
6,115.766,2.51957,2.836,2.70815,1.63199,0.27167,0.40426,0.20799,0.06173,0.04,0.25532,0.03268,0.00977,2.52552,2.7263,2.37778,1.7427,0.000214555,0.000214555,0.000214555
7,138.089,2.31117,2.56017,2.66869,1.54913,0.28726,0.14894,0.15543,0.06424,0.03635,0.19149,0.02402,0.00569,2.3113,2.26104,6.75063,1.43572,0.000252278,0.000252278,0.000252278
8,159.429,2.31237,2.43515,2.51125,1.60491,0.33792,0.3617,0.26732,0.12641,0.13622,0.2766,0.09118,0.02505,2.00783,2.16265,5.20124,1.57689,0.000289605,0.000289605,0.000289605
9,178.154,1.9397,2.07808,1.95443,1.3986,0.33792,0.3617,0.26732,0.12641,0.13622,0.2766,0.09118,0.02505,2.00783,2.16265,5.20124,1.57689,0.000326536,0.000326536,0.000326536
10,197.407,2.0478,2.24198,1.87451,1.50797,0.1063,0.65957,0.11135,0.04465,0.03522,0.19149,0.0235,0.00653,2.16524,3.274,15.1614,1.70798,0.000363071,0.000363071,0.000363071
11,217.002,1.94652,2.25764,1.79994,1.4511,0.1063,0.65957,0.11135,0.04465,0.03522,0.19149,0.0235,0.00653,2.16524,3.274,15.1614,1.70798,0.00039921,0.00039921,0.00039921
12,234.354,1.80442,1.9827,1.83064,1.36659,0.1225,0.55319,0.09718,0.03418,0.06084,0.29787,0.04186,0.01055,2.34578,2.98965,17.5808,1.68329,0.000434953,0.000434953,0.000434953
13,253.156,1.84416,2.26124,1.76527,1.37085,0.1225,0.55319,0.09718,0.03418,0.06084,0.29787,0.04186,0.01055,2.34578,2.98965,17.5808,1.68329,0.0004703,0.0004703,0.0004703
14,273.411,2.04477,2.75645,1.81501,1.47587,0.1225,0.55319,0.09718,0.03418,0.06084,0.29787,0.04186,0.01055,2.34578,2.98965,17.5808,1.68329,0.000505251,0.000505251,0.000505251
15,292.955,1.80583,2.19011,1.76958,1.36319,0.10067,0.57447,0.10605,0.04796,0.20588,0.14894,0.07751,0.0204,2.05101,2.28573,26.5734,1.48908,0.000539806,0.000539806,0.000539806
16,314.254,1.98804,2.02628,2.06885,1.39106,0.10067,0.57447,0.10605,0.04796,0.20588,0.14894,0.07751,0.0204,2.05101,2.28573,26.5734,1.48908,0.000573965,0.000573965,0.000573965
17,335.61,1.8933,2.22057,1.89992,1.42134,0.10067,0.57447,0.10605,0.04796,0.20588,0.14894,0.07751,0.0204,2.05101,2.28573,26.5734,1.48908,0.000607728,0.000607728,0.000607728
18,356.162,1.89473,1.94223,2.06556,1.3968,0.18823,0.55319,0.16867,0.05498,0.08873,0.29787,0.04869,0.01442,2.13415,2.35466,9.39079,1.35898,0.000641095,0.000641095,0.000641095
19,379.271,2.02638,2.33108,2.06519,1.47307,0.18823,0.55319,0.16867,0.05498,0.08873,0.29787,0.04869,0.01442,2.13415,2.35466,9.39079,1.35898,0.000674066,0.000674066,0.000674066
20,399.818,1.99972,2.12527,2.1186,1.4043,0.18823,0.55319,0.16867,0.05498,0.08873,0.29787,0.04869,0.01442,2.13415,2.35466,9.39079,1.35898,0.000706641,0.000706641,0.000706641
21,420.572,1.77919,2.02903,2.00849,1.33288,0.14018,0.46829,0.10567,0.03915,0.0906,0.29787,0.076,0.02327,2.41494,1.66979,14.4858,1.82422,0.00073882,0.00073882,0.00073882
22,439.463,2.12068,2.16821,2.31417,1.48279,0.14018,0.46829,0.10567,0.03915,0.0906,0.29787,0.076,0.02327,2.41494,1.66979,14.4858,1.82422,0.000770603,0.000770603,0.000770603
23,457.736,1.8909,1.98141,2.21286,1.37466,0.14018,0.46829,0.10567,0.03915,0.0906,0.29787,0.076,0.02327,2.41494,1.66979,14.4858,1.82422,0.00080199,0.00080199,0.00080199
24,479.407,2.08741,2.18231,2.23365,1.45055,0.14018,0.46829,0.10567,0.03915,0.0906,0.29787,0.076,0.02327,2.41494,1.66979,14.4858,1.82422,0.000832981,0.000832981,0.000832981
25,499.918,2.19649,1.90087,2.91734,1.48107,0.02333,0.14894,0.01356,0.00567,0.01744,0.10638,0.00944,0.00218,2.24244,2.28902,104.353,1.47038,0.000863576,0.000863576,0.000863576
26,518.364,2.07652,2.29594,2.20735,1.48602,0.02333,0.14894,0.01356,0.00567,0.01744,0.10638,0.00944,0.00218,2.24244,2.28902,104.353,1.47038,0.000893775,0.000893775,0.000893775
27,537.664,1.99595,2.11769,2.21852,1.46328,0.02333,0.14894,0.01356,0.00567,0.01744,0.10638,0.00944,0.00218,2.24244,2.28902,104.353,1.47038,0.000923578,0.000923578,0.000923578
28,556.424,1.94446,1.82672,2.15174,1.36769,0.02333,0.14894,0.01356,0.00567,0.01744,0.10638,0.00944,0.00218,2.24244,2.28902,104.353,1.47038,0.000952985,0.000952985,0.000952985
29,576.55,1.9889,2.162,2.16644,1.42938,0.02333,0.14894,0.01356,0.00567,0.01744,0.10638,0.00944,0.00218,2.24244,2.28902,104.353,1.47038,0.000981996,0.000981996,0.000981996
30,597.21,2.15459,2.41353,2.22333,1.49155,0.05,0.31915,0.03407,0.01278,0.05667,0.3617,0.0409,0.01392,2.05806,1.74727,12.6068,1.5182,0.00101061,0.00101061,0.00101061
31,614.443,1.81245,2.06347,1.90465,1.35094,0.05,0.31915,0.03407,0.01278,0.05667,0.3617,0.0409,0.01392,2.05806,1.74727,12.6068,1.5182,0.00103883,0.00103883,0.00103883
32,634.222,1.88993,2.03217,1.9297,1.41085,0.05,0.31915,0.03407,0.01278,0.05667,0.3617,0.0409,0.01392,2.05806,1.74727,12.6068,1.5182,0.00106665,0.00106665,0.00106665
33,651.659,2.01001,2.07602,1.90394,1.45416,0.05,0.31915,0.03407,0.01278,0.05667,0.3617,0.0409,0.01392,2.05806,1.74727,12.6068,1.5182,0.00109408,0.00109408,0.00109408
34,668.507,1.75967,1.85829,1.89034,1.32483,0.05,0.31915,0.03407,0.01278,0.05667,0.3617,0.0409,0.01392,2.05806,1.74727,12.6068,1.5182,0.00112111,0.00112111,0.00112111
35,685.114,1.86181,1.94138,1.83389,1.35967,0.05,0.31915,0.03407,0.01278,0.05667,0.3617,0.0409,0.01392,2.05806,1.74727,12.6068,1.5182,0.00114775,0.00114775,0.00114775
36,707.365,1.9872,2.20125,1.93947,1.44928,0.1319,0.68085,0.13756,0.05873,0.06459,0.31915,0.0444,0.01199,1.79273,2.72193,5.59851,1.45557,0.00117399,0.00117399,0.00117399
37,724.917,1.80412,2.3169,1.8182,1.35636,0.1319,0.68085,0.13756,0.05873,0.06459,0.31915,0.0444,0.01199,1.79273,2.72193,5.59851,1.45557,0.00119983,0.00119983,0.00119983
38,744.862,1.76648,2.03364,1.90595,1.29494,0.1319,0.68085,0.13756,0.05873,0.06459,0.31915,0.0444,0.01199,1.79273,2.72193,5.59851,1.45557,0.00122528,0.00122528,0.00122528
39,764.574,1.82662,2.15239,1.90035,1.33749,0.1319,0.68085,0.13756,0.05873,0.06459,0.31915,0.0444,0.01199,1.79273,2.72193,5.59851,1.45557,0.00125033,0.00125033,0.00125033
40,783.248,1.81753,2.09332,2.02305,1.37478,0.1319,0.68085,0.13756,0.05873,0.06459,0.31915,0.0444,0.01199,1.79273,2.72193,5.59851,1.45557,0.00127498,0.00127498,0.00127498
41,803.221,2.02255,2.17634,1.87199,1.41994,0.1319,0.68085,0.13756,0.05873,0.06459,0.31915,0.0444,0.01199,1.79273,2.72193,5.59851,1.45557,0.00129924,0.00129924,0.00129924
42,822.611,1.8509,2.20519,1.99498,1.36393,0.1319,0.68085,0.13756,0.05873,0.06459,0.31915,0.0444,0.01199,1.79273,2.72193,5.59851,1.45557,0.0013231,0.0013231,0.0013231
43,840.98,1.97678,2.30578,1.81332,1.4115,0.0987,0.61702,0.0824,0.03462,0.07676,0.40426,0.05549,0.01467,2.32449,1.66812,32.4187,1.85615,0.00134657,0.00134657,0.00134657
44,859.276,1.88966,1.65267,2.00332,1.40182,0.0987,0.61702,0.0824,0.03462,0.07676,0.40426,0.05549,0.01467,2.32449,1.66812,32.4187,1.85615,0.00136964,0.00136964,0.00136964
45,877.19,2.08427,1.89288,1.97103,1.43867,0.0987,0.61702,0.0824,0.03462,0.07676,0.40426,0.05549,0.01467,2.32449,1.66812,32.4187,1.85615,0.00139232,0.00139232,0.00139232
46,895.246,1.88197,1.77904,1.97566,1.42851,0.0987,0.61702,0.0824,0.03462,0.07676,0.40426,0.05549,0.01467,2.32449,1.66812,32.4187,1.85615,0.0014146,0.0014146,0.0014146
47,915.933,2.08322,1.86318,2.00352,1.46784,0.0987,0.61702,0.0824,0.03462,0.07676,0.40426,0.05549,0.01467,2.32449,1.66812,32.4187,1.85615,0.00143648,0.00143648,0.00143648
48,934.508,2.04654,1.79279,2.0235,1.53911,0.0987,0.61702,0.0824,0.03462,0.07676,0.40426,0.05549,0.01467,2.32449,1.66812,32.4187,1.85615,0.00145797,0.00145797,0.00145797
49,952.015,1.95207,1.87298,1.99514,1.43167,0.0987,0.61702,0.0824,0.03462,0.07676,0.40426,0.05549,0.01467,2.32449,1.66812,32.4187,1.85615,0.00147906,0.00147906,0.00147906
50,968.384,1.97963,1.89918,1.95334,1.43118,0.0987,0.61702,0.0824,0.03462,0.07676,0.40426,0.05549,0.01467,2.32449,1.66812,32.4187,1.85615,0.00149975,0.00149975,0.00149975
51,981.739,2.13594,1.93834,2.06444,1.48438,0.34117,0.46281,0.32647,0.13838,0.26523,0.42553,0.21716,0.08082,2.13664,1.51764,2.76757,1.69552,0.001505,0.001505,0.001505
52,1000.65,1.98924,1.68,1.80105,1.48829,0.34117,0.46281,0.32647,0.13838,0.26523,0.42553,0.21716,0.08082,2.13664,1.51764,2.76757,1.69552,0.0014951,0.0014951,0.0014951
53,1019.45,2.13893,1.87348,1.8247,1.49251,0.34117,0.46281,0.32647,0.13838,0.26523,0.42553,0.21716,0.08082,2.13664,1.51764,2.76757,1.69552,0.0014852,0.0014852,0.0014852
54,1037.32,1.99644,1.64845,1.78018,1.43427,0.34117,0.46281,0.32647,0.13838,0.26523,0.42553,0.21716,0.08082,2.13664,1.51764,2.76757,1.69552,0.0014753,0.0014753,0.0014753
55,1056.87,1.86394,1.52096,1.77989,1.3811,0.34117,0.46281,0.32647,0.13838,0.26523,0.42553,0.21716,0.08082,2.13664,1.51764,2.76757,1.69552,0.0014654,0.0014654,0.0014654
56,1078.08,1.86135,1.6265,1.76038,1.38385,0.34117,0.46281,0.32647,0.13838,0.26523,0.42553,0.21716,0.08082,2.13664,1.51764,2.76757,1.69552,0.0014555,0.0014555,0.0014555
57,1095.68,2.0523,1.67895,1.76159,1.41324,0.34117,0.46281,0.32647,0.13838,0.26523,0.42553,0.21716,0.08082,2.13664,1.51764,2.76757,1.69552,0.0014456,0.0014456,0.0014456
58,1110.85,1.87881,1.68069,1.72061,1.36517,0.34117,0.46281,0.32647,0.13838,0.26523,0.42553,0.21716,0.08082,2.13664,1.51764,2.76757,1.69552,0.0014357,0.0014357,0.0014357
59,1127.09,2.20673,1.93636,1.93449,1.57274,0.33137,0.46809,0.2711,0.12213,0.40081,0.34043,0.31652,0.11626,1.95188,1.67895,3.5202,1.87893,0.0014258,0.0014258,0.0014258
60,1146.02,1.96352,1.77908,1.90784,1.46019,0.33137,0.46809,0.2711,0.12213,0.40081,0.34043,0.31652,0.11626,1.95188,1.67895,3.5202,1.87893,0.0014159,0.0014159,0.0014159
61,1164.44,1.95737,1.84962,1.62839,1.44644,0.33137,0.46809,0.2711,0.12213,0.40081,0.34043,0.31652,0.11626,1.95188,1.67895,3.5202,1.87893,0.001406,0.001406,0.001406
62,1183.94,2.08083,2.2671,1.80088,1.51322,0.33137,0.46809,0.2711,0.12213,0.40081,0.34043,0.31652,0.11626,1.95188,1.67895,3.5202,1.87893,0.0013961,0.0013961,0.0013961
63,1204.12,2.01203,1.88594,1.63833,1.51765,0.33137,0.46809,0.2711,0.12213,0.40081,0.34043,0.31652,0.11626,1.95188,1.67895,3.5202,1.87893,0.0013862,0.0013862,0.0013862
64,1224.68,2.01253,2.00535,1.72708,1.49772,0.33137,0.46809,0.2711,0.12213,0.40081,0.34043,0.31652,0.11626,1.95188,1.67895,3.5202,1.87893,0.0013763,0.0013763,0.0013763
65,1243.06,1.92897,1.69103,1.70853,1.44974,0.33137,0.46809,0.2711,0.12213,0.40081,0.34043,0.31652,0.11626,1.95188,1.67895,3.5202,1.87893,0.0013664,0.0013664,0.0013664
66,1261.28,1.94631,1.89514,1.68655,1.4613,0.33137,0.46809,0.2711,0.12213,0.40081,0.34043,0.31652,0.11626,1.95188,1.67895,3.5202,1.87893,0.0013565,0.0013565,0.0013565
67,1281.32,1.98201,1.95256,1.60781,1.48429,0.2929,0.31915,0.24257,0.11311,0.37449,0.25532,0.27546,0.09168,1.90788,1.49084,2.99441,1.62105,0.0013466,0.0013466,0.0013466
68,1298.3,1.72379,1.66544,1.65511,1.35369,0.2929,0.31915,0.24257,0.11311,0.37449,0.25532,0.27546,0.09168,1.90788,1.49084,2.99441,1.62105,0.0013367,0.0013367,0.0013367
69,1321.17,2.04458,2.33353,1.94458,1.53917,0.2929,0.31915,0.24257,0.11311,0.37449,0.25532,0.27546,0.09168,1.90788,1.49084,2.99441,1.62105,0.0013268,0.0013268,0.0013268
70,1339.96,1.78606,1.79819,1.73005,1.37725,0.2929,0.31915,0.24257,0.11311,0.37449,0.25532,0.27546,0.09168,1.90788,1.49084,2.99441,1.62105,0.0013169,0.0013169,0.0013169
71,1359.41,1.82148,1.82096,1.72752,1.38281,0.2929,0.31915,0.24257,0.11311,0.37449,0.25532,0.27546,0.09168,1.90788,1.49084,2.99441,1.62105,0.001307,0.001307,0.001307
72,1378.97,1.80946,1.58892,1.71644,1.37079,0.2929,0.31915,0.24257,0.11311,0.37449,0.25532,0.27546,0.09168,1.90788,1.49084,2.99441,1.62105,0.0012971,0.0012971,0.0012971
73,1398.06,2.05346,2.25651,1.88554,1.48733,0.2929,0.31915,0.24257,0.11311,0.37449,0.25532,0.27546,0.09168,1.90788,1.49084,2.99441,1.62105,0.0012872,0.0012872,0.0012872
74,1415.52,1.63245,1.51862,1.59785,1.27593,0.2929,0.31915,0.24257,0.11311,0.37449,0.25532,0.27546,0.09168,1.90788,1.49084,2.99441,1.62105,0.0012773,0.0012773,0.0012773
75,1433.58,1.99415,1.93583,1.88689,1.47146,0.38096,0.42553,0.24776,0.10614,0.29283,0.31915,0.15883,0.03587,2.16141,1.51499,2.6882,1.53887,0.0012674,0.0012674,0.0012674
76,1451.54,1.84485,1.62223,1.68352,1.41841,0.38096,0.42553,0.24776,0.10614,0.29283,0.31915,0.15883,0.03587,2.16141,1.51499,2.6882,1.53887,0.0012575,0.0012575,0.0012575
77,1467.25,1.91378,1.7946,1.77803,1.44634,0.38096,0.42553,0.24776,0.10614,0.29283,0.31915,0.15883,0.03587,2.16141,1.51499,2.6882,1.53887,0.0012476,0.0012476,0.0012476
78,1482.78,1.78193,1.64425,1.69727,1.38707,0.38096,0.42553,0.24776,0.10614,0.29283,0.31915,0.15883,0.03587,2.16141,1.51499,2.6882,1.53887,0.0012377,0.0012377,0.0012377
79,1502.3,1.8174,1.72486,1.70498,1.41681,0.38096,0.42553,0.24776,0.10614,0.29283,0.31915,0.15883,0.03587,2.16141,1.51499,2.6882,1.53887,0.0012278,0.0012278,0.0012278
80,1524.56,1.79018,1.56664,1.68472,1.38327,0.38096,0.42553,0.24776,0.10614,0.29283,0.31915,0.15883,0.03587,2.16141,1.51499,2.6882,1.53887,0.0012179,0.0012179,0.0012179
81,1545.23,1.77667,1.51387,1.60189,1.38604,0.38096,0.42553,0.24776,0.10614,0.29283,0.31915,0.15883,0.03587,2.16141,1.51499,2.6882,1.53887,0.001208,0.001208,0.001208
82,1565.9,1.68189,1.54424,1.66051,1.36911,0.38096,0.42553,0.24776,0.10614,0.29283,0.31915,0.15883,0.03587,2.16141,1.51499,2.6882,1.53887,0.0011981,0.0011981,0.0011981
83,1580.88,1.84006,1.65704,1.72941,1.3683,0.33984,0.49293,0.28898,0.11369,0.37316,0.44681,0.25911,0.07041,2.067,1.39093,2.1512,1.53264,0.0011882,0.0011882,0.0011882
84,1597.93,1.73365,1.74137,1.50459,1.37283,0.33984,0.49293,0.28898,0.11369,0.37316,0.44681,0.25911,0.07041,2.067,1.39093,2.1512,1.53264,0.0011783,0.0011783,0.0011783
85,1613.67,1.61793,1.52147,1.55972,1.30109,0.33984,0.49293,0.28898,0.11369,0.37316,0.44681,0.25911,0.07041,2.067,1.39093,2.1512,1.53264,0.0011684,0.0011684,0.0011684
86,1633.39,1.71655,1.67129,1.69104,1.31661,0.33984,0.49293,0.28898,0.11369,0.37316,0.44681,0.25911,0.07041,2.067,1.39093,2.1512,1.53264,0.0011585,0.0011585,0.0011585
87,1649.88,1.67693,1.57714,1.57508,1.3038,0.33984,0.49293,0.28898,0.11369,0.37316,0.44681,0.25911,0.07041,2.067,1.39093,2.1512,1.53264,0.0011486,0.0011486,0.0011486
88,1668.5,1.7855,1.88975,1.5934,1.41438,0.33984,0.49293,0.28898,0.11369,0.37316,0.44681,0.25911,0.07041,2.067,1.39093,2.1512,1.53264,0.0011387,0.0011387,0.0011387
89,1685.43,1.70475,1.54528,1.54186,1.33505,0.33984,0.49293,0.28898,0.11369,0.37316,0.44681,0.25911,0.07041,2.067,1.39093,2.1512,1.53264,0.0011288,0.0011288,0.0011288
90,1703.86,1.98672,2.28861,1.66553,1.46908,0.33984,0.49293,0.28898,0.11369,0.37316,0.44681,0.25911,0.07041,2.067,1.39093,2.1512,1.53264,0.0011189,0.0011189,0.0011189
91,1723.22,1.73927,1.82061,1.60823,1.36552,0.28925,0.57447,0.32167,0.13149,0.25784,0.51064,0.28616,0.09192,1.79695,1.37065,2.09231,1.4422,0.001109,0.001109,0.001109
92,1740.43,1.79987,1.67224,1.51961,1.3531,0.28925,0.57447,0.32167,0.13149,0.25784,0.51064,0.28616,0.09192,1.79695,1.37065,2.09231,1.4422,0.0010991,0.0010991,0.0010991
93,1758.94,1.49349,1.38999,1.3944,1.24047,0.28925,0.57447,0.32167,0.13149,0.25784,0.51064,0.28616,0.09192,1.79695,1.37065,2.09231,1.4422,0.0010892,0.0010892,0.0010892
94,1778.92,1.58331,1.57952,1.4848,1.29008,0.28925,0.57447,0.32167,0.13149,0.25784,0.51064,0.28616,0.09192,1.79695,1.37065,2.09231,1.4422,0.0010793,0.0010793,0.0010793
95,1798,1.69901,1.63101,1.46082,1.34763,0.28925,0.57447,0.32167,0.13149,0.25784,0.51064,0.28616,0.09192,1.79695,1.37065,2.09231,1.4422,0.0010694,0.0010694,0.0010694
96,1817.62,1.7208,1.9232,1.4779,1.3252,0.28925,0.57447,0.32167,0.13149,0.25784,0.51064,0.28616,0.09192,1.79695,1.37065,2.09231,1.4422,0.0010595,0.0010595,0.0010595
97,1836.48,1.68587,1.53865,1.50011,1.34136,0.28925,0.57447,0.32167,0.13149,0.25784,0.51064,0.28616,0.09192,1.79695,1.37065,2.09231,1.4422,0.0010496,0.0010496,0.0010496
98,1855.79,1.80458,1.85882,1.49109,1.4187,0.28925,0.57447,0.32167,0.13149,0.25784,0.51064,0.28616,0.09192,1.79695,1.37065,2.09231,1.4422,0.0010397,0.0010397,0.0010397
99,1874.83,1.71988,1.85496,1.4899,1.35955,0.46324,0.23404,0.27814,0.14919,0.39182,0.23404,0.2618,0.11712,1.90617,1.3926,1.92627,1.34086,0.0010298,0.0010298,0.0010298
100,1893.31,1.5104,1.36003,1.38189,1.21211,0.46324,0.23404,0.27814,0.14919,0.39182,0.23404,0.2618,0.11712,1.90617,1.3926,1.92627,1.34086,0.0010199,0.0010199,0.0010199
101,1915.88,1.49564,1.43612,1.42846,1.25326,0.46324,0.23404,0.27814,0.14919,0.39182,0.23404,0.2618,0.11712,1.90617,1.3926,1.92627,1.34086,0.00101,0.00101,0.00101
102,1934.59,1.56787,1.55274,1.50256,1.2668,0.46324,0.23404,0.27814,0.14919,0.39182,0.23404,0.2618,0.11712,1.90617,1.3926,1.92627,1.34086,0.0010001,0.0010001,0.0010001
103,1955.41,1.55767,1.4261,1.41638,1.28022,0.46324,0.23404,0.27814,0.14919,0.39182,0.23404,0.2618,0.11712,1.90617,1.3926,1.92627,1.34086,0.0009902,0.0009902,0.0009902
104,1975.46,1.78343,2.04163,1.4526,1.3713,0.46324,0.23404,0.27814,0.14919,0.39182,0.23404,0.2618,0.11712,1.90617,1.3926,1.92627,1.34086,0.0009803,0.0009803,0.0009803
105,1995.39,1.75002,1.85495,1.54566,1.34911,0.46324,0.23404,0.27814,0.14919,0.39182,0.23404,0.2618,0.11712,1.90617,1.3926,1.92627,1.34086,0.0009704,0.0009704,0.0009704
106,2017,1.9017,2.30231,1.55684,1.41391,0.46324,0.23404,0.27814,0.14919,0.39182,0.23404,0.2618,0.11712,1.90617,1.3926,1.92627,1.34086,0.0009605,0.0009605,0.0009605
107,2037,1.85918,2.13609,1.54587,1.43337,0.34432,0.25532,0.24304,0.08535,0.22904,0.21277,0.13847,0.05718,2.49923,1.86994,2.20787,1.50559,0.0009506,0.0009506,0.0009506
108,2053.3,1.45477,1.43246,1.33259,1.2095,0.34432,0.25532,0.24304,0.08535,0.22904,0.21277,0.13847,0.05718,2.49923,1.86994,2.20787,1.50559,0.0009407,0.0009407,0.0009407
109,2069.41,1.473,1.32699,1.32775,1.23541,0.34432,0.25532,0.24304,0.08535,0.22904,0.21277,0.13847,0.05718,2.49923,1.86994,2.20787,1.50559,0.0009308,0.0009308,0.0009308
110,2089,1.61696,1.54111,1.38541,1.29902,0.34432,0.25532,0.24304,0.08535,0.22904,0.21277,0.13847,0.05718,2.49923,1.86994,2.20787,1.50559,0.0009209,0.0009209,0.0009209
111,2105.21,1.52942,1.38952,1.30587,1.24789,0.34432,0.25532,0.24304,0.08535,0.22904,0.21277,0.13847,0.05718,2.49923,1.86994,2.20787,1.50559,0.000911,0.000911,0.000911
112,2127.16,1.64401,1.67158,1.38969,1.33577,0.34432,0.25532,0.24304,0.08535,0.22904,0.21277,0.13847,0.05718,2.49923,1.86994,2.20787,1.50559,0.0009011,0.0009011,0.0009011
113,2146.37,1.88284,2.08002,1.42369,1.38755,0.34432,0.25532,0.24304,0.08535,0.22904,0.21277,0.13847,0.05718,2.49923,1.86994,2.20787,1.50559,0.0008912,0.0008912,0.0008912
114,2165.4,1.65559,1.63508,1.32255,1.27756,0.34432,0.25532,0.24304,0.08535,0.22904,0.21277,0.13847,0.05718,2.49923,1.86994,2.20787,1.50559,0.0008813,0.0008813,0.0008813
115,2185.82,1.59956,1.56863,1.33727,1.28046,0.35492,0.42553,0.35212,0.15679,0.37358,0.2766,0.31159,0.11068,1.85425,1.39797,1.7033,1.32554,0.0008714,0.0008714,0.0008714
116,2204.83,1.64552,1.78684,1.35598,1.31812,0.35492,0.42553,0.35212,0.15679,0.37358,0.2766,0.31159,0.11068,1.85425,1.39797,1.7033,1.32554,0.0008615,0.0008615,0.0008615
117,2222.35,1.60162,1.83604,1.37609,1.3113,0.35492,0.42553,0.35212,0.15679,0.37358,0.2766,0.31159,0.11068,1.85425,1.39797,1.7033,1.32554,0.0008516,0.0008516,0.0008516
118,2239.82,1.74894,1.874,1.49771,1.38581,0.35492,0.42553,0.35212,0.15679,0.37358,0.2766,0.31159,0.11068,1.85425,1.39797,1.7033,1.32554,0.0008417,0.0008417,0.0008417
119,2258.53,1.42876,1.41547,1.22212,1.22817,0.35492,0.42553,0.35212,0.15679,0.37358,0.2766,0.31159,0.11068,1.85425,1.39797,1.7033,1.32554,0.0008318,0.0008318,0.0008318
120,2274.98,1.64493,1.59525,1.39047,1.26696,0.35492,0.42553,0.35212,0.15679,0.37358,0.2766,0.31159,0.11068,1.85425,1.39797,1.7033,1.32554,0.0008219,0.0008219,0.0008219
121,2292.85,1.44226,1.45937,1.29851,1.22662,0.35492,0.42553,0.35212,0.15679,0.37358,0.2766,0.31159,0.11068,1.85425,1.39797,1.7033,1.32554,0.000812,0.000812,0.000812
122,2310.08,1.46452,1.40849,1.2569,1.2619,0.35492,0.42553,0.35212,0.15679,0.37358,0.2766,0.31159,0.11068,1.85425,1.39797,1.7033,1.32554,0.0008021,0.0008021,0.0008021
123,2329.41,1.5545,1.36361,1.27583,1.25129,0.39245,0.61849,0.44511,0.19637,0.32785,0.44681,0.38182,0.13899,1.77911,1.3625,1.62565,1.25402,0.0007922,0.0007922,0.0007922
124,2347.08,1.5697,1.76959,1.27521,1.26494,0.39245,0.61849,0.44511,0.19637,0.32785,0.44681,0.38182,0.13899,1.77911,1.3625,1.62565,1.25402,0.0007823,0.0007823,0.0007823
125,2367.49,1.4642,1.49716,1.27644,1.25983,0.39245,0.61849,0.44511,0.19637,0.32785,0.44681,0.38182,0.13899,1.77911,1.3625,1.62565,1.25402,0.0007724,0.0007724,0.0007724
126,2387.96,1.63345,1.81249,1.323,1.31946,0.39245,0.61849,0.44511,0.19637,0.32785,0.44681,0.38182,0.13899,1.77911,1.3625,1.62565,1.25402,0.0007625,0.0007625,0.0007625
127,2407.98,1.71173,2.12104,1.38002,1.34444,0.39245,0.61849,0.44511,0.19637,0.32785,0.44681,0.38182,0.13899,1.77911,1.3625,1.62565,1.25402,0.0007526,0.0007526,0.0007526
128,2426.51,1.40644,1.31572,1.24035,1.19423,0.39245,0.61849,0.44511,0.19637,0.32785,0.44681,0.38182,0.13899,1.77911,1.3625,1.62565,1.25402,0.0007427,0.0007427,0.0007427
129,2450.8,1.69474,1.80072,1.29221,1.30597,0.39245,0.61849,0.44511,0.19637,0.32785,0.44681,0.38182,0.13899,1.77911,1.3625,1.62565,1.25402,0.0007328,0.0007328,0.0007328
130,2469.52,1.43057,1.37268,1.23155,1.22654,0.39245,0.61849,0.44511,0.19637,0.32785,0.44681,0.38182,0.13899,1.77911,1.3625,1.62565,1.25402,0.0007229,0.0007229,0.0007229
131,2489.97,1.63361,1.87289,1.31371,1.33495,0.48995,0.65957,0.4792,0.20229,0.39372,0.53191,0.41199,0.15001,1.76169,1.28172,1.49698,1.3411,0.000713,0.000713,0.000713
132,2509.53,1.5906,1.80119,1.24887,1.30206,0.48995,0.65957,0.4792,0.20229,0.39372,0.53191,0.41199,0.15001,1.76169,1.28172,1.49698,1.3411,0.0007031,0.0007031,0.0007031
133,2526.11,1.29872,1.25964,1.23037,1.14267,0.48995,0.65957,0.4792,0.20229,0.39372,0.53191,0.41199,0.15001,1.76169,1.28172,1.49698,1.3411,0.0006932,0.0006932,0.0006932
134,2544.79,1.44938,1.41037,1.20796,1.21003,0.48995,0.65957,0.4792,0.20229,0.39372,0.53191,0.41199,0.15001,1.76169,1.28172,1.49698,1.3411,0.0006833,0.0006833,0.0006833
135,2564.33,1.57246,1.75164,1.26034,1.29404,0.48995,0.65957,0.4792,0.20229,0.39372,0.53191,0.41199,0.15001,1.76169,1.28172,1.49698,1.3411,0.0006734,0.0006734,0.0006734
136,2583.3,1.52131,1.56866,1.26822,1.2784,0.48995,0.65957,0.4792,0.20229,0.39372,0.53191,0.41199,0.15001,1.76169,1.28172,1.49698,1.3411,0.0006635,0.0006635,0.0006635
137,2603.7,1.50423,1.4723,1.24536,1.25953,0.48995,0.65957,0.4792,0.20229,0.39372,0.53191,0.41199,0.15001,1.76169,1.28172,1.49698,1.3411,0.0006536,0.0006536,0.0006536
138,2623.43,1.61589,1.79702,1.28019,1.3059,0.48995,0.65957,0.4792,0.20229,0.39372,0.53191,0.41199,0.15001,1.76169,1.28172,1.49698,1.3411,0.0006437,0.0006437,0.0006437
139,2641.54,1.35217,1.344,1.16367,1.21753,0.4639,0.61702,0.51586,0.22503,0.42104,0.53191,0.44615,0.15071,1.58122,1.25293,1.46269,1.25659,0.0006338,0.0006338,0.0006338
140,2659.52,1.29556,1.31681,1.13466,1.1654,0.4639,0.61702,0.51586,0.22503,0.42104,0.53191,0.44615,0.15071,1.58122,1.25293,1.46269,1.25659,0.0006239,0.0006239,0.0006239
141,2677.83,1.33736,1.47401,1.16675,1.1376,0.4639,0.61702,0.51586,0.22503,0.42104,0.53191,0.44615,0.15071,1.58122,1.25293,1.46269,1.25659,0.000614,0.000614,0.000614
142,2697.94,1.62449,1.8214,1.30367,1.31652,0.4639,0.61702,0.51586,0.22503,0.42104,0.53191,0.44615,0.15071,1.58122,1.25293,1.46269,1.25659,0.0006041,0.0006041,0.0006041
143,2713.13,1.32908,1.32852,1.24702,1.15631,0.4639,0.61702,0.51586,0.22503,0.42104,0.53191,0.44615,0.15071,1.58122,1.25293,1.46269,1.25659,0.0005942,0.0005942,0.0005942
144,2730.13,1.48142,1.58892,1.17247,1.25377,0.4639,0.61702,0.51586,0.22503,0.42104,0.53191,0.44615,0.15071,1.58122,1.25293,1.46269,1.25659,0.0005843,0.0005843,0.0005843
145,2743.86,1.28816,1.26925,1.17476,1.14392,0.4639,0.61702,0.51586,0.22503,0.42104,0.53191,0.44615,0.15071,1.58122,1.25293,1.46269,1.25659,0.0005744,0.0005744,0.0005744
146,2761.89,1.75111,2.04403,1.31986,1.36764,0.4639,0.61702,0.51586,0.22503,0.42104,0.53191,0.44615,0.15071,1.58122,1.25293,1.46269,1.25659,0.0005645,0.0005645,0.0005645
147,2775.82,1.37321,1.31165,1.15911,1.15433,0.49542,0.64768,0.50787,0.2271,0.38597,0.48936,0.42234,0.16023,1.6808,1.3153,1.45522,1.2571,0.0005546,0.0005546,0.0005546
148,2793.97,1.2396,1.31907,1.13661,1.13662,0.49542,0.64768,0.50787,0.2271,0.38597,0.48936,0.42234,0.16023,1.6808,1.3153,1.45522,1.2571,0.0005447,0.0005447,0.0005447
149,2814.79,1.48525,1.61087,1.23336,1.26295,0.49542,0.64768,0.50787,0.2271,0.38597,0.48936,0.42234,0.16023,1.6808,1.3153,1.45522,1.2571,0.0005348,0.0005348,0.0005348
150,2834.2,1.47912,1.52151,1.22562,1.21284,0.49542,0.64768,0.50787,0.2271,0.38597,0.48936,0.42234,0.16023,1.6808,1.3153,1.45522,1.2571,0.0005249,0.0005249,0.0005249
151,2852.33,1.4594,1.47464,1.21781,1.21946,0.49542,0.64768,0.50787,0.2271,0.38597,0.48936,0.42234,0.16023,1.6808,1.3153,1.45522,1.2571,0.000515,0.000515,0.000515
152,2871.91,1.54545,1.8296,1.25622,1.27776,0.49542,0.64768,0.50787,0.2271,0.38597,0.48936,0.42234,0.16023,1.6808,1.3153,1.45522,1.2571,0.0005051,0.0005051,0.0005051
153,2892.8,1.61272,1.79803,1.29057,1.25528,0.49542,0.64768,0.50787,0.2271,0.38597,0.48936,0.42234,0.16023,1.6808,1.3153,1.45522,1.2571,0.0004952,0.0004952,0.0004952
154,2914.05,1.47774,1.43818,1.21005,1.23624,0.49542,0.64768,0.50787,0.2271,0.38597,0.48936,0.42234,0.16023,1.6808,1.3153,1.45522,1.2571,0.0004853,0.0004853,0.0004853
155,2934.77,1.307,1.38311,1.174,1.17487,0.51605,0.68085,0.51963,0.23114,0.3791,0.44681,0.3856,0.12844,1.64323,1.50279,1.40537,1.20777,0.0004754,0.0004754,0.0004754
156,2950.51,1.2614,1.34618,1.09853,1.11327,0.51605,0.68085,0.51963,0.23114,0.3791,0.44681,0.3856,0.12844,1.64323,1.50279,1.40537,1.20777,0.0004655,0.0004655,0.0004655
157,2969.49,1.3413,1.50009,1.09969,1.16456,0.51605,0.68085,0.51963,0.23114,0.3791,0.44681,0.3856,0.12844,1.64323,1.50279,1.40537,1.20777,0.0004556,0.0004556,0.0004556
158,2986.76,1.38948,1.39356,1.16342,1.1232,0.51605,0.68085,0.51963,0.23114,0.3791,0.44681,0.3856,0.12844,1.64323,1.50279,1.40537,1.20777,0.0004457,0.0004457,0.0004457
159,3004.38,1.2949,1.36291,1.11177,1.13577,0.51605,0.68085,0.51963,0.23114,0.3791,0.44681,0.3856,0.12844,1.64323,1.50279,1.40537,1.20777,0.0004358,0.0004358,0.0004358
160,3021.67,1.30701,1.26242,1.04122,1.14881,0.51605,0.68085,0.51963,0.23114,0.3791,0.44681,0.3856,0.12844,1.64323,1.50279,1.40537,1.20777,0.0004259,0.0004259,0.0004259
161,3042.91,1.46769,1.61534,1.16669,1.2193,0.51605,0.68085,0.51963,0.23114,0.3791,0.44681,0.3856,0.12844,1.64323,1.50279,1.40537,1.20777,0.000416,0.000416,0.000416
162,3058.01,1.48524,1.71829,1.20785,1.25196,0.51605,0.68085,0.51963,0.23114,0.3791,0.44681,0.3856,0.12844,1.64323,1.50279,1.40537,1.20777,0.0004061,0.0004061,0.0004061
163,3073.23,1.38162,1.539,1.11455,1.16098,0.58849,0.69987,0.57797,0.23095,0.34201,0.3982,0.34224,0.11085,1.6382,1.42844,1.43682,1.21498,0.0003962,0.0003962,0.0003962
164,3090.75,1.31542,1.31171,1.16839,1.14416,0.58849,0.69987,0.57797,0.23095,0.34201,0.3982,0.34224,0.11085,1.6382,1.42844,1.43682,1.21498,0.0003863,0.0003863,0.0003863
165,3107.07,1.19834,1.20606,1.07408,1.1281,0.58849,0.69987,0.57797,0.23095,0.34201,0.3982,0.34224,0.11085,1.6382,1.42844,1.43682,1.21498,0.0003764,0.0003764,0.0003764
166,3125.27,1.26181,1.33755,1.06126,1.12827,0.58849,0.69987,0.57797,0.23095,0.34201,0.3982,0.34224,0.11085,1.6382,1.42844,1.43682,1.21498,0.0003665,0.0003665,0.0003665
167,3141.45,1.21832,1.25151,1.07731,1.07939,0.58849,0.69987,0.57797,0.23095,0.34201,0.3982,0.34224,0.11085,1.6382,1.42844,1.43682,1.21498,0.0003566,0.0003566,0.0003566
168,3160.03,1.58147,1.78531,1.23467,1.22359,0.58849,0.69987,0.57797,0.23095,0.34201,0.3982,0.34224,0.11085,1.6382,1.42844,1.43682,1.21498,0.0003467,0.0003467,0.0003467
169,3175.86,1.4374,1.61378,1.16997,1.23063,0.58849,0.69987,0.57797,0.23095,0.34201,0.3982,0.34224,0.11085,1.6382,1.42844,1.43682,1.21498,0.0003368,0.0003368,0.0003368
170,3190.4,1.38068,1.42375,1.10569,1.11478,0.58849,0.69987,0.57797,0.23095,0.34201,0.3982,0.34224,0.11085,1.6382,1.42844,1.43682,1.21498,0.0003269,0.0003269,0.0003269
171,3205.77,1.29467,1.34326,1.11938,1.16473,0.53558,0.6383,0.5176,0.24199,0.37428,0.51064,0.42037,0.15574,1.62713,1.2663,1.42954,1.24472,0.000317,0.000317,0.000317
172,3222.04,1.15933,1.2852,1.02833,1.10941,0.53558,0.6383,0.5176,0.24199,0.37428,0.51064,0.42037,0.15574,1.62713,1.2663,1.42954,1.24472,0.0003071,0.0003071,0.0003071
173,3238.7,1.23413,1.12172,1.06654,1.10076,0.53558,0.6383,0.5176,0.24199,0.37428,0.51064,0.42037,0.15574,1.62713,1.2663,1.42954,1.24472,0.0002972,0.0002972,0.0002972
174,3256.15,1.42377,1.4879,1.16825,1.17899,0.53558,0.6383,0.5176,0.24199,0.37428,0.51064,0.42037,0.15574,1.62713,1.2663,1.42954,1.24472,0.0002873,0.0002873,0.0002873
175,3273.03,1.2216,1.32514,1.01289,1.12565,0.53558,0.6383,0.5176,0.24199,0.37428,0.51064,0.42037,0.15574,1.62713,1.2663,1.42954,1.24472,0.0002774,0.0002774,0.0002774
176,3289.63,1.32805,1.39473,1.10284,1.14429,0.53558,0.6383,0.5176,0.24199,0.37428,0.51064,0.42037,0.15574,1.62713,1.2663,1.42954,1.24472,0.0002675,0.0002675,0.0002675
177,3307.62,1.34866,1.37682,1.1236,1.18103,0.53558,0.6383,0.5176,0.24199,0.37428,0.51064,0.42037,0.15574,1.62713,1.2663,1.42954,1.24472,0.0002576,0.0002576,0.0002576
178,3327.13,1.43,1.57889,1.14639,1.2167,0.53558,0.6383,0.5176,0.24199,0.37428,0.51064,0.42037,0.15574,1.62713,1.2663,1.42954,1.24472,0.0002477,0.0002477,0.0002477
179,3345.01,1.35477,1.43594,1.10312,1.16117,0.60035,0.6383,0.57106,0.24931,0.43885,0.49927,0.41906,0.16241,1.64571,1.20339,1.40009,1.26758,0.0002378,0.0002378,0.0002378
180,3365.51,1.5117,1.6513,1.16834,1.26873,0.60035,0.6383,0.57106,0.24931,0.43885,0.49927,0.41906,0.16241,1.64571,1.20339,1.40009,1.26758,0.0002279,0.0002279,0.0002279
181,3383.33,1.30254,1.29249,1.05595,1.13118,0.60035,0.6383,0.57106,0.24931,0.43885,0.49927,0.41906,0.16241,1.64571,1.20339,1.40009,1.26758,0.000218,0.000218,0.000218
182,3402.18,1.17877,1.27528,0.98413,1.0793,0.60035,0.6383,0.57106,0.24931,0.43885,0.49927,0.41906,0.16241,1.64571,1.20339,1.40009,1.26758,0.0002081,0.0002081,0.0002081
183,3423.69,1.16566,1.32766,1.01239,1.11679,0.60035,0.6383,0.57106,0.24931,0.43885,0.49927,0.41906,0.16241,1.64571,1.20339,1.40009,1.26758,0.0001982,0.0001982,0.0001982
184,3442.32,1.27971,1.29192,1.04165,1.1256,0.60035,0.6383,0.57106,0.24931,0.43885,0.49927,0.41906,0.16241,1.64571,1.20339,1.40009,1.26758,0.0001883,0.0001883,0.0001883
185,3461.5,1.41816,1.59334,1.14819,1.21617,0.60035,0.6383,0.57106,0.24931,0.43885,0.49927,0.41906,0.16241,1.64571,1.20339,1.40009,1.26758,0.0001784,0.0001784,0.0001784
186,3480.25,1.29396,1.42566,1.10726,1.18164,0.60035,0.6383,0.57106,0.24931,0.43885,0.49927,0.41906,0.16241,1.64571,1.20339,1.40009,1.26758,0.0001685,0.0001685,0.0001685
187,3499.41,1.15079,1.16079,0.99563,1.08154,0.57977,0.67523,0.57745,0.2539,0.48842,0.56885,0.48917,0.17202,1.65385,1.17042,1.40857,1.26517,0.0001586,0.0001586,0.0001586
188,3515.46,1.1255,1.27036,1.03783,1.11717,0.57977,0.67523,0.57745,0.2539,0.48842,0.56885,0.48917,0.17202,1.65385,1.17042,1.40857,1.26517,0.0001487,0.0001487,0.0001487
189,3536.65,1.2384,1.40826,1.08985,1.17408,0.57977,0.67523,0.57745,0.2539,0.48842,0.56885,0.48917,0.17202,1.65385,1.17042,1.40857,1.26517,0.0001388,0.0001388,0.0001388
190,3557.79,1.27973,1.50715,1.02853,1.17007,0.57977,0.67523,0.57745,0.2539,0.48842,0.56885,0.48917,0.17202,1.65385,1.17042,1.40857,1.26517,0.0001289,0.0001289,0.0001289
191,3635.72,1.10235,1.21628,0.97967,1.09807,0.57977,0.67523,0.57745,0.2539,0.48842,0.56885,0.48917,0.17202,1.65385,1.17042,1.40857,1.26517,0.000119,0.000119,0.000119
192,3656.6,1.26373,1.33144,1.04526,1.1118,0.57977,0.67523,0.57745,0.2539,0.48842,0.56885,0.48917,0.17202,1.65385,1.17042,1.40857,1.26517,0.0001091,0.0001091,0.0001091
193,3676.8,1.14659,1.44653,0.99034,1.08996,0.57977,0.67523,0.57745,0.2539,0.48842,0.56885,0.48917,0.17202,1.65385,1.17042,1.40857,1.26517,9.92e-05,9.92e-05,9.92e-05
194,3691.05,1.09023,1.1207,0.98124,1.09784,0.57977,0.67523,0.57745,0.2539,0.48842,0.56885,0.48917,0.17202,1.65385,1.17042,1.40857,1.26517,8.93e-05,8.93e-05,8.93e-05
195,3704.22,1.34419,1.32833,1.08419,1.11815,0.56974,0.68085,0.54865,0.25686,0.50511,0.59574,0.49211,0.1727,1.64182,1.16815,1.39564,1.2538,7.94e-05,7.94e-05,7.94e-05
196,3722.59,1.19986,1.22417,1.07113,1.15233,0.56974,0.68085,0.54865,0.25686,0.50511,0.59574,0.49211,0.1727,1.64182,1.16815,1.39564,1.2538,6.95e-05,6.95e-05,6.95e-05
197,3739.22,1.16534,1.2022,0.98902,1.07416,0.56974,0.68085,0.54865,0.25686,0.50511,0.59574,0.49211,0.1727,1.64182,1.16815,1.39564,1.2538,5.96e-05,5.96e-05,5.96e-05
198,3756.72,1.04961,1.08177,0.92058,1.01891,0.56974,0.68085,0.54865,0.25686,0.50511,0.59574,0.49211,0.1727,1.64182,1.16815,1.39564,1.2538,4.97e-05,4.97e-05,4.97e-05
199,3772.72,1.17018,1.09091,1.05308,1.08872,0.56974,0.68085,0.54865,0.25686,0.50511,0.59574,0.49211,0.1727,1.64182,1.16815,1.39564,1.2538,3.98e-05,3.98e-05,3.98e-05
200,3791.64,1.11534,1.18898,0.97995,1.08539,0.56974,0.68085,0.54865,0.25686,0.50511,0.59574,0.49211,0.1727,1.64182,1.16815,1.39564,1.2538,2.99e-05,2.99e-05,2.99e-05
